{
  "timesteps": [
    100
  ],
  "empirical_rates": [
    [
      0.01964804728454492,
      0.0186190737666697
    ]
  ],
  "theoretical_bounds": [
    [
      0.13058001084623805,
      0.13058001084623805
    ]
  ]
}