{
  "timesteps": [
    100,
    120,
    140,
    160,
    180,
    200
  ],
  "empirical_rates": [
    [
      0.017961032236563118,
      0.020074749362898322,
      0.02082035261190517
    ],
    [
      0.01202995428037883,
      0.012597962901097425,
      0.014054949908199253
    ],
    [
      0.006820082684201826,
      0.006135862247132285,
      0.008169077760497464
    ],
    [
      0.0037203526424198076,
      0.0025904001062454175,
      0.005945078244985156
    ],
    [
      0.002656967217226617,
      0.0012867771444819774,
      0.0059317604697830045
    ],
    [
      0.0026973055370573843,
      0.0018490219495545114,
      0.008456972269356874
    ]
  ],
  "theoretical_bounds": [
    [
      0.14245092092316874,
      0.14245092092316874,
      0.14245092092316874
    ],
    [
      0.14245092092316874,
      0.14245092092316874,
      0.14245092092316874
    ],
    [
      0.14245092092316874,
      0.14245092092316874,
      0.14245092092316874
    ],
    [
      0.14245092092316874,
      0.14245092092316874,
      0.14245092092316874
    ],
    [
      0.14245092092316874,
      0.14245092092316874,
      0.14245092092316874
    ],
    [
      0.14245092092316874,
      0.14245092092316874,
      0.14245092092316874
    ]
  ]
}