{
  "timesteps": [
    100
  ],
  "empirical_rates": [
    [
      0.02004412461786426,
      0.015739653313992744,
      0.014826871963275961,
      0.01899148922785998,
      0.017529494006359905,
      0.019656978312873257,
      0.021823320203299506,
      0.015225006416653183
    ]
  ],
  "theoretical_bounds": [
    [
      0.20180547130782242,
      0.20180547130782242,
      0.20180547130782242,
      0.20180547130782242,
      0.20180547130782242,
      0.20180547130782242,
      0.20180547130782242,
      0.20180547130782242
    ]
  ]
}