{
  "timesteps": [
    100,
    120,
    140,
    160,
    180,
    200
  ],
  "empirical_rates": [
    [
      0.019257064436078587,
      0.017303622452545582
    ],
    [
      0.027902537515488886,
      0.025378719031177988
    ],
    [
      0.04345541320668856,
      0.03877388779554898
    ],
    [
      0.09300892746323966,
      0.0784588567667088
    ],
    [
      1.0696855171538089,
      0.847553734819666
    ],
    [
      6.491765687975837,
      5.520227468215931
    ]
  ],
  "theoretical_bounds": [
    [
      0.13058001084623805,
      0.13058001084623805
    ],
    [
      0.13058001084623805,
      0.13058001084623805
    ],
    [
      0.13058001084623805,
      0.13058001084623805
    ],
    [
      0.13058001084623805,
      0.13058001084623805
    ],
    [
      0.13058001084623805,
      0.13058001084623805
    ],
    [
      0.13058001084623805,
      0.13058001084623805
    ]
  ]
}