{
  "network_sizes": [
    2,
    3
  ],
  "num_neighbors": [
    1,
    2
  ],
  "empirical_rates": [
    6.761675399268184,
    0.01220423775641414
  ],
  "theoretical_bounds": [
    0.13058001084623805,
    0.14245092092316874
  ]
}