{
  "network_sizes": [
    2,
    3,
    5,
    8
  ],
  "num_neighbors": [
    1,
    2,
    4,
    7
  ],
  "empirical_rates": [
    0.05864784463812292,
    0.05244279783406281,
    0.04841629291608181,
    0.04954258642008972
  ],
  "theoretical_bounds": [
    0.13058001084623805,
    0.14245092092316874,
    0.1661927410770302,
    0.20180547130782242
  ]
}