{
  "timesteps": [
    100
  ],
  "empirical_rates": [
    [
      0.01789193388086264,
      0.016520887163156608,
      0.017232204447480325,
      0.018380329563875315,
      0.016889572342017836
    ]
  ],
  "theoretical_bounds": [
    [
      0.1661927410770302,
      0.1661927410770302,
      0.1661927410770302,
      0.1661927410770302,
      0.1661927410770302
    ]
  ]
}