{
  "timesteps": [
    100
  ],
  "empirical_rates": [
    [
      0.016049314471889287,
      0.021125149125576434,
      0.019128693317878604
    ]
  ],
  "theoretical_bounds": [
    [
      0.14245092092316874,
      0.14245092092316874,
      0.14245092092316874
    ]
  ]
}